{"mean":{"confidence_interval":{"confidence_level":0.95,"lower_bound":0.2048577842684298,"upper_bound":0.21361635256602715},"point_estimate":0.20916239446995832,"standard_error":0.002229095061545237},"median":{"confidence_interval":{"confidence_level":0.95,"lower_bound":0.20585209195958365,"upper_bound":0.21320317908229525},"point_estimate":0.2093544162119343,"standard_error":0.001888537797341459}}