{"mean":{"confidence_interval":{"confidence_level":0.95,"lower_bound":769.7194789462069,"upper_bound":774.8398754904393},"point_estimate":772.2524843807624,"standard_error":1.305189840112058},"median":{"confidence_interval":{"confidence_level":0.95,"lower_bound":767.4138428020781,"upper_bound":774.3736383442266},"point_estimate":770.4970775504175,"standard_error":1.9495709994762727},"median_abs_dev":{"confidence_interval":{"confidence_level":0.95,"lower_bound":11.011407013114171,"upper_bound":17.898010235574127},"point_estimate":15.172652848727436,"standard_error":1.7757264017539236},"slope":{"confidence_interval":{"confidence_level":0.95,"lower_bound":772.2550376748486,"upper_bound":777.84981057998},"point_estimate":775.0043573660848,"standard_error":1.435041552419451},"std_dev":{"confidence_interval":{"confidence_level":0.95,"lower_bound":11.444085987370896,"upper_bound":14.57123908712533},"point_estimate":13.099470862532034,"standard_error":0.7966317145395504}}