{"mean":{"confidence_interval":{"confidence_level":0.95,"lower_bound":0.20217606299801563,"upper_bound":0.21308717355640241},"point_estimate":0.20745347520973834,"standard_error":0.002789667941237223},"median":{"confidence_interval":{"confidence_level":0.95,"lower_bound":0.20435880603789605,"upper_bound":0.20915148860722765},"point_estimate":0.20611924480910648,"standard_error":0.0012521807604802837}}