{"mean":{"confidence_interval":{"confidence_level":0.95,"lower_bound":46024583.608,"upper_bound":46245803.916125},"point_estimate":46132524.175,"standard_error":56644.96969997777},"median":{"confidence_interval":{"confidence_level":0.95,"lower_bound":45831833.5,"upper_bound":46029270.5},"point_estimate":45917625.0,"standard_error":54707.03451581382},"median_abs_dev":{"confidence_interval":{"confidence_level":0.95,"lower_bound":240026.6346886754,"upper_bound":527976.895790286},"point_estimate":329229.85665500164,"standard_error":69678.99664896485},"slope":null,"std_dev":{"confidence_interval":{"confidence_level":0.95,"lower_bound":466764.53131811344,"upper_bound":654087.2800124519},"point_estimate":569516.0229711902,"standard_error":48017.49199982156}}