{"mean":{"confidence_interval":{"confidence_level":0.95,"lower_bound":0.2548210714942654,"upper_bound":0.26711268756202183},"point_estimate":0.2609881235102465,"standard_error":0.003136978471117561},"median":{"confidence_interval":{"confidence_level":0.95,"lower_bound":0.2566196569520258,"upper_bound":0.2699478435664868},"point_estimate":0.2627509097008689,"standard_error":0.00350359807083801}}