{"mean":{"confidence_interval":{"confidence_level":0.95,"lower_bound":4491619.6754583325,"upper_bound":4521767.687083333},"point_estimate":4506091.455833332,"standard_error":7737.51318485144},"median":{"confidence_interval":{"confidence_level":0.95,"lower_bound":4464704.833333333,"upper_bound":4480699.625},"point_estimate":4470373.291666667,"standard_error":4088.840403213924},"median_abs_dev":{"confidence_interval":{"confidence_level":0.95,"lower_bound":24354.731542617545,"upper_bound":53245.04836846232},"point_estimate":36699.53844845364,"standard_error":7391.836028550336},"slope":null,"std_dev":{"confidence_interval":{"confidence_level":0.95,"lower_bound":63242.09304287018,"upper_bound":89603.92681349863},"point_estimate":77261.5906523178,"standard_error":6704.360437807731}}